{
  "reference_name": "dimer_V0-4.3_V0-4.4",
  "reference_length": 360,
  "total_reads": 1433,
  "unique_sequences": 1358,
  "singleton_sequences": 1338,
  "singleton_pct": 98.52724594992637,
  "perfect_reads": 0,
  "perfect_pct": 0.0,
  "near_perfect_reads": 0,
  "near_perfect_pct": 0.0,
  "mean_edit_distance": 105.69155617585486,
  "median_edit_distance": 92.0,
  "min_edit_distance": 85,
  "mean_length": 340.6036287508723,
  "mean_error_rate": 0.3070340272674411,
  "total_bases": 488085,
  "correct_basecalls": 383853,
  "incorrect_basecalls": 104232,
  "accuracy_pct": 78.64470327914195,
  "mean_predicted_q": 15.362480082566368,
  "mean_empirical_q": 5.128134908564601,
  "mean_q_correct": 16.662861690937845,
  "mean_q_incorrect": 12.45565507836229,
  "q_difference": 4.207206612575556,
  "hellinger_distance": 0.16513536087731867
}