{
  "reference_name": "trimer_V0-4.3_V0-4.4_V0-39",
  "reference_length": 474,
  "total_reads": 1868,
  "unique_sequences": 1763,
  "singleton_sequences": 1742,
  "singleton_pct": 98.80884855360182,
  "perfect_reads": 0,
  "perfect_pct": 0.0,
  "near_perfect_reads": 0,
  "near_perfect_pct": 0.0,
  "mean_edit_distance": 265.09207708779445,
  "median_edit_distance": 255.0,
  "min_edit_distance": 162,
  "mean_length": 440.01338329764457,
  "mean_error_rate": 0.598443551413592,
  "total_bases": 821945,
  "correct_basecalls": 531864,
  "incorrect_basecalls": 290081,
  "accuracy_pct": 64.70797924435334,
  "mean_predicted_q": 13.890032837198698,
  "mean_empirical_q": 2.2297680844180334,
  "mean_q_correct": 15.132940695101315,
  "mean_q_incorrect": 12.257457982991788,
  "q_difference": 2.8754827121095268,
  "hellinger_distance": 0.10418393296176863
}