{
  "reference_name": "dimer_V0-4.4_V0-39",
  "reference_length": 282,
  "total_reads": 258,
  "unique_sequences": 257,
  "singleton_sequences": 256,
  "singleton_pct": 99.61089494163424,
  "perfect_reads": 0,
  "perfect_pct": 0.0,
  "near_perfect_reads": 0,
  "near_perfect_pct": 0.0,
  "mean_edit_distance": 149.36046511627907,
  "median_edit_distance": 165.5,
  "min_edit_distance": 104,
  "mean_length": 281.1085271317829,
  "mean_error_rate": 0.5293439857701092,
  "total_bases": 72526,
  "correct_basecalls": 42360,
  "incorrect_basecalls": 30166,
  "accuracy_pct": 58.406640377244024,
  "mean_predicted_q": 14.218368759714192,
  "mean_empirical_q": 2.7626201686543475,
  "mean_q_correct": 14.515593428275864,
  "mean_q_incorrect": 13.832609914026342,
  "q_difference": 0.6829835142495213,
  "hellinger_distance": 0.03428778093478049
}