{
  "reference_name": "trimer_V0-4.1_V0-4.2_V0-4.3",
  "reference_length": 537,
  "total_reads": 2679,
  "unique_sequences": 2553,
  "singleton_sequences": 2504,
  "singleton_pct": 98.08068938503722,
  "perfect_reads": 0,
  "perfect_pct": 0.0,
  "near_perfect_reads": 0,
  "near_perfect_pct": 0.0,
  "mean_edit_distance": 104.68906308324001,
  "median_edit_distance": 97.0,
  "min_edit_distance": 90,
  "mean_length": 505.1959686450168,
  "mean_error_rate": 0.20540454054436538,
  "total_bases": 1353420,
  "correct_basecalls": 1179229,
  "incorrect_basecalls": 174191,
  "accuracy_pct": 87.12956805721801,
  "mean_predicted_q": 16.449832038594256,
  "mean_empirical_q": 6.873899603903112,
  "mean_q_correct": 17.550863105532958,
  "mean_q_incorrect": 12.442729361004318,
  "q_difference": 5.10813374452864,
  "hellinger_distance": 0.15129229344487288
}