{
  "reference_name": "dimer_V0-4.1_V0-4.2",
  "reference_length": 345,
  "total_reads": 6225,
  "unique_sequences": 5874,
  "singleton_sequences": 5767,
  "singleton_pct": 98.17841334695267,
  "perfect_reads": 0,
  "perfect_pct": 0.0,
  "near_perfect_reads": 0,
  "near_perfect_pct": 0.0,
  "mean_edit_distance": 67.2528514056225,
  "median_edit_distance": 55.0,
  "min_edit_distance": 44,
  "mean_length": 324.3587148594377,
  "mean_error_rate": 0.20451193617930363,
  "total_bases": 2019133,
  "correct_basecalls": 1814922,
  "incorrect_basecalls": 204211,
  "accuracy_pct": 89.88620363294542,
  "mean_predicted_q": 15.943385811562472,
  "mean_empirical_q": 6.89281339658943,
  "mean_q_correct": 16.60967928110003,
  "mean_q_incorrect": 12.394486615408436,
  "q_difference": 4.215192665691593,
  "hellinger_distance": 0.16343087717355473
}