{
  "reference_name": "partial_backbone_V0-4.1",
  "reference_length": 2471,
  "total_reads": 182,
  "unique_sequences": 182,
  "singleton_sequences": 182,
  "singleton_pct": 100.0,
  "perfect_reads": 0,
  "perfect_pct": 0.0,
  "near_perfect_reads": 0,
  "near_perfect_pct": 0.0,
  "mean_edit_distance": 1432.6923076923076,
  "median_edit_distance": 1378.0,
  "min_edit_distance": 780,
  "mean_length": 2934.6043956043954,
  "mean_error_rate": 0.4848262214756662,
  "total_bases": 534098,
  "correct_basecalls": 301137,
  "incorrect_basecalls": 232961,
  "accuracy_pct": 56.38234930668155,
  "mean_predicted_q": 20.259388573277747,
  "mean_empirical_q": 3.1441389970350286,
  "mean_q_correct": 20.42000717550465,
  "mean_q_incorrect": 20.060196124018525,
  "q_difference": 0.35981105148612613,
  "hellinger_distance": 0.009745415484748046
}