{
  "reference_name": "partial_V0-39_backbone",
  "reference_length": 2413,
  "total_reads": 2141,
  "unique_sequences": 2141,
  "singleton_sequences": 2141,
  "singleton_pct": 100.0,
  "perfect_reads": 0,
  "perfect_pct": 0.0,
  "near_perfect_reads": 0,
  "near_perfect_pct": 0.0,
  "mean_edit_distance": 1587.0014012143859,
  "median_edit_distance": 1384.0,
  "min_edit_distance": 638,
  "mean_length": 3019.2793087342366,
  "mean_error_rate": 0.5010934622680839,
  "total_bases": 6464277,
  "correct_basecalls": 3427961,
  "incorrect_basecalls": 3036316,
  "accuracy_pct": 53.02930242624195,
  "mean_predicted_q": 14.773816472853248,
  "mean_empirical_q": 3.000812634307768,
  "mean_q_correct": 18.213905808157214,
  "mean_q_incorrect": 12.6848849816805,
  "q_difference": 5.529020826476714,
  "hellinger_distance": 0.14548190336164335
}