{
  "reference_name": "dimer_V0-4.2_V0-4.3",
  "reference_length": 365,
  "total_reads": 1556,
  "unique_sequences": 1418,
  "singleton_sequences": 1394,
  "singleton_pct": 98.30747531734838,
  "perfect_reads": 0,
  "perfect_pct": 0.0,
  "near_perfect_reads": 0,
  "near_perfect_pct": 0.0,
  "mean_edit_distance": 66.87917737789203,
  "median_edit_distance": 61.0,
  "min_edit_distance": 51,
  "mean_length": 347.5334190231362,
  "mean_error_rate": 0.19331565394375325,
  "total_bases": 540762,
  "correct_basecalls": 470447,
  "incorrect_basecalls": 70315,
  "accuracy_pct": 86.99705230766955,
  "mean_predicted_q": 15.925484557289991,
  "mean_empirical_q": 7.137329770830359,
  "mean_q_correct": 16.29458309360153,
  "mean_q_incorrect": 14.035846938716343,
  "q_difference": 2.258736154885188,
  "hellinger_distance": 0.08141690813841683
}