{
  "reference_name": "target_V0-4.1",
  "reference_length": 176,
  "total_reads": 7572,
  "unique_sequences": 4466,
  "singleton_sequences": 4176,
  "singleton_pct": 93.50649350649351,
  "perfect_reads": 0,
  "perfect_pct": 0.0,
  "near_perfect_reads": 0,
  "near_perfect_pct": 0.0,
  "mean_edit_distance": 49.18713681986265,
  "median_edit_distance": 46.0,
  "min_edit_distance": 41,
  "mean_length": 150.25224511357632,
  "mean_error_rate": 0.33145917267482106,
  "total_bases": 1137710,
  "correct_basecalls": 975460,
  "incorrect_basecalls": 162250,
  "accuracy_pct": 85.73889655536121,
  "mean_predicted_q": 15.621175801341394,
  "mean_empirical_q": 4.795699579801735,
  "mean_q_correct": 17.293220077274775,
  "mean_q_incorrect": 10.965613000697132,
  "q_difference": 6.327607076577642,
  "hellinger_distance": 0.24912419454463308
}