{
  "reference_name": "target_V0-4.2",
  "reference_length": 173,
  "total_reads": 3357,
  "unique_sequences": 2874,
  "singleton_sequences": 2770,
  "singleton_pct": 96.3813500347947,
  "perfect_reads": 0,
  "perfect_pct": 0.0,
  "near_perfect_reads": 0,
  "near_perfect_pct": 0.0,
  "mean_edit_distance": 44.43342269883825,
  "median_edit_distance": 31.0,
  "min_edit_distance": 14,
  "mean_length": 175.08668453976765,
  "mean_error_rate": 0.24108407411454016,
  "total_bases": 587766,
  "correct_basecalls": 506583,
  "incorrect_basecalls": 81183,
  "accuracy_pct": 86.18787068323108,
  "mean_predicted_q": 13.970432260021655,
  "mean_empirical_q": 6.17831477937024,
  "mean_q_correct": 13.989101707954664,
  "mean_q_incorrect": 13.855713279692452,
  "q_difference": 0.13338842826221153,
  "hellinger_distance": 0.09115503620473965
}