{
  "method": "lib.mean_qscore for ALL Q-score averages",
  "references": {
    "target_V0-39": {
      "reference_name": "target_V0-39",
      "reference_length": 118,
      "total_reads": 2096,
      "unique_sequences": 1829,
      "singleton_sequences": 1739,
      "singleton_pct": 95.0792782941498,
      "perfect_reads": 0,
      "perfect_pct": 0.0,
      "near_perfect_reads": 0,
      "near_perfect_pct": 0.0,
      "mean_edit_distance": 49.663167938931295,
      "median_edit_distance": 34.0,
      "min_edit_distance": 11,
      "mean_length": 120.15076335877863,
      "mean_error_rate": 0.41675822784701544,
      "total_bases": 251836,
      "correct_basecalls": 190344,
      "incorrect_basecalls": 61492,
      "accuracy_pct": 75.58252195873504,
      "mean_predicted_q": 13.136220796923785,
      "mean_empirical_q": 3.801158173589049,
      "mean_q_correct": 13.406918175876172,
      "mean_q_incorrect": 12.391533775219559,
      "q_difference": 1.0153844006566128,
      "hellinger_distance": 0.11647646881294223
    },
    "backbone": {
      "reference_name": "backbone",
      "reference_length": 2299,
      "total_reads": 10581,
      "unique_sequences": 10563,
      "singleton_sequences": 10558,
      "singleton_pct": 99.95266496260533,
      "perfect_reads": 0,
      "perfect_pct": 0.0,
      "near_perfect_reads": 0,
      "near_perfect_pct": 0.0,
      "mean_edit_distance": 1289.9577544655515,
      "median_edit_distance": 1269.0,
      "min_edit_distance": 574,
      "mean_length": 2524.928456667612,
      "mean_error_rate": 0.5106766405590312,
      "total_bases": 26716268,
      "correct_basecalls": 15198157,
      "incorrect_basecalls": 11518111,
      "accuracy_pct": 56.88727557307031,
      "mean_predicted_q": 19.472524753961938,
      "mean_empirical_q": 2.918540072479135,
      "mean_q_correct": 19.493152121867634,
      "mean_q_incorrect": 19.445455992780563,
      "q_difference": 0.04769612908707188,
      "hellinger_distance": 0.00995736389862988
    },
    "trimer_V0-4_3_V0-4_4_V0-39": {
      "reference_name": "trimer_V0-4.3_V0-4.4_V0-39",
      "reference_length": 474,
      "total_reads": 1868,
      "unique_sequences": 1763,
      "singleton_sequences": 1742,
      "singleton_pct": 98.80884855360182,
      "perfect_reads": 0,
      "perfect_pct": 0.0,
      "near_perfect_reads": 0,
      "near_perfect_pct": 0.0,
      "mean_edit_distance": 265.09207708779445,
      "median_edit_distance": 255.0,
      "min_edit_distance": 162,
      "mean_length": 440.01338329764457,
      "mean_error_rate": 0.598443551413592,
      "total_bases": 821945,
      "correct_basecalls": 531864,
      "incorrect_basecalls": 290081,
      "accuracy_pct": 64.70797924435334,
      "mean_predicted_q": 13.890032837198698,
      "mean_empirical_q": 2.2297680844180334,
      "mean_q_correct": 15.132940695101315,
      "mean_q_incorrect": 12.257457982991788,
      "q_difference": 2.8754827121095268,
      "hellinger_distance": 0.10418393296176863
    },
    "trimer_V0-4_1_V0-4_2_V0-4_3": {
      "reference_name": "trimer_V0-4.1_V0-4.2_V0-4.3",
      "reference_length": 537,
      "total_reads": 2679,
      "unique_sequences": 2553,
      "singleton_sequences": 2504,
      "singleton_pct": 98.08068938503722,
      "perfect_reads": 0,
      "perfect_pct": 0.0,
      "near_perfect_reads": 0,
      "near_perfect_pct": 0.0,
      "mean_edit_distance": 104.68906308324001,
      "median_edit_distance": 97.0,
      "min_edit_distance": 90,
      "mean_length": 505.1959686450168,
      "mean_error_rate": 0.20540454054436538,
      "total_bases": 1353420,
      "correct_basecalls": 1179229,
      "incorrect_basecalls": 174191,
      "accuracy_pct": 87.12956805721801,
      "mean_predicted_q": 16.449832038594256,
      "mean_empirical_q": 6.873899603903112,
      "mean_q_correct": 17.550863105532958,
      "mean_q_incorrect": 12.442729361004318,
      "q_difference": 5.10813374452864,
      "hellinger_distance": 0.15129229344487288
    },
    "dimer_V0-4_3_V0-4_4": {
      "reference_name": "dimer_V0-4.3_V0-4.4",
      "reference_length": 360,
      "total_reads": 1433,
      "unique_sequences": 1358,
      "singleton_sequences": 1338,
      "singleton_pct": 98.52724594992637,
      "perfect_reads": 0,
      "perfect_pct": 0.0,
      "near_perfect_reads": 0,
      "near_perfect_pct": 0.0,
      "mean_edit_distance": 105.69155617585486,
      "median_edit_distance": 92.0,
      "min_edit_distance": 85,
      "mean_length": 340.6036287508723,
      "mean_error_rate": 0.3070340272674411,
      "total_bases": 488085,
      "correct_basecalls": 383853,
      "incorrect_basecalls": 104232,
      "accuracy_pct": 78.64470327914195,
      "mean_predicted_q": 15.362480082566368,
      "mean_empirical_q": 5.128134908564601,
      "mean_q_correct": 16.662861690937845,
      "mean_q_incorrect": 12.45565507836229,
      "q_difference": 4.207206612575556,
      "hellinger_distance": 0.16513536087731867
    },
    "target_V0-4_4": {
      "reference_name": "target_V0-4.4",
      "reference_length": 168,
      "total_reads": 271,
      "unique_sequences": 264,
      "singleton_sequences": 258,
      "singleton_pct": 97.72727272727273,
      "perfect_reads": 0,
      "perfect_pct": 0.0,
      "near_perfect_reads": 0,
      "near_perfect_pct": 0.0,
      "mean_edit_distance": 93.7011070110701,
      "median_edit_distance": 108.0,
      "min_edit_distance": 41,
      "mean_length": 99.15867158671587,
      "mean_error_rate": 1.122238573943251,
      "total_bases": 26872,
      "correct_basecalls": 20938,
      "incorrect_basecalls": 5934,
      "accuracy_pct": 77.91753498064901,
      "mean_predicted_q": 11.316927975138984,
      "mean_empirical_q": -0.5008519233285057,
      "mean_q_correct": 12.45984657684852,
      "mean_q_incorrect": 8.724713094672746,
      "q_difference": 3.7351334821757742,
      "hellinger_distance": 0.22395412351393723
    },
    "target_V0-4_2": {
      "reference_name": "target_V0-4.2",
      "reference_length": 173,
      "total_reads": 3357,
      "unique_sequences": 2874,
      "singleton_sequences": 2770,
      "singleton_pct": 96.3813500347947,
      "perfect_reads": 0,
      "perfect_pct": 0.0,
      "near_perfect_reads": 0,
      "near_perfect_pct": 0.0,
      "mean_edit_distance": 44.43342269883825,
      "median_edit_distance": 31.0,
      "min_edit_distance": 14,
      "mean_length": 175.08668453976765,
      "mean_error_rate": 0.24108407411454016,
      "total_bases": 587766,
      "correct_basecalls": 506583,
      "incorrect_basecalls": 81183,
      "accuracy_pct": 86.18787068323108,
      "mean_predicted_q": 13.970432260021655,
      "mean_empirical_q": 6.17831477937024,
      "mean_q_correct": 13.989101707954664,
      "mean_q_incorrect": 13.855713279692452,
      "q_difference": 0.13338842826221153,
      "hellinger_distance": 0.09115503620473965
    },
    "dimer_V0-4_4_V0-39": {
      "reference_name": "dimer_V0-4.4_V0-39",
      "reference_length": 282,
      "total_reads": 258,
      "unique_sequences": 257,
      "singleton_sequences": 256,
      "singleton_pct": 99.61089494163424,
      "perfect_reads": 0,
      "perfect_pct": 0.0,
      "near_perfect_reads": 0,
      "near_perfect_pct": 0.0,
      "mean_edit_distance": 149.36046511627907,
      "median_edit_distance": 165.5,
      "min_edit_distance": 104,
      "mean_length": 281.1085271317829,
      "mean_error_rate": 0.5293439857701092,
      "total_bases": 72526,
      "correct_basecalls": 42360,
      "incorrect_basecalls": 30166,
      "accuracy_pct": 58.406640377244024,
      "mean_predicted_q": 14.218368759714192,
      "mean_empirical_q": 2.7626201686543475,
      "mean_q_correct": 14.515593428275864,
      "mean_q_incorrect": 13.832609914026342,
      "q_difference": 0.6829835142495213,
      "hellinger_distance": 0.03428778093478049
    },
    "partial_V0-39_backbone": {
      "reference_name": "partial_V0-39_backbone",
      "reference_length": 2413,