{
  "reference_name": "trimer_V0-4.2_V0-4.3_V0-4.4",
  "reference_length": 529,
  "total_reads": 2149,
  "unique_sequences": 2147,
  "singleton_sequences": 2146,
  "singleton_pct": 99.9534233814625,
  "perfect_reads": 0,
  "perfect_pct": 0.0,
  "near_perfect_reads": 0,
  "near_perfect_pct": 0.0,
  "mean_edit_distance": 234.47231270358307,
  "median_edit_distance": 236.0,
  "min_edit_distance": 106,
  "mean_length": 639.4523033969288,
  "mean_error_rate": 0.3614345220689621,
  "total_bases": 1374183,
  "correct_basecalls": 927796,
  "incorrect_basecalls": 446387,
  "accuracy_pct": 67.5161896195776,
  "mean_predicted_q": 15.883933171858688,
  "mean_empirical_q": 4.419703685763526,
  "mean_q_correct": 16.606413858043872,
  "mean_q_incorrect": 14.683010819339692,
  "q_difference": 1.9234030387041798,
  "hellinger_distance": 0.057613321748624095
}