{
  "reference_name": "target_V0-4.4",
  "reference_length": 168,
  "total_reads": 271,
  "unique_sequences": 264,
  "singleton_sequences": 258,
  "singleton_pct": 97.72727272727273,
  "perfect_reads": 0,
  "perfect_pct": 0.0,
  "near_perfect_reads": 0,
  "near_perfect_pct": 0.0,
  "mean_edit_distance": 93.7011070110701,
  "median_edit_distance": 108.0,
  "min_edit_distance": 41,
  "mean_length": 99.15867158671587,
  "mean_error_rate": 1.122238573943251,
  "total_bases": 26872,
  "correct_basecalls": 20938,
  "incorrect_basecalls": 5934,
  "accuracy_pct": 77.91753498064901,
  "mean_predicted_q": 11.316927975138984,
  "mean_empirical_q": -0.5008519233285057,
  "mean_q_correct": 12.45984657684852,
  "mean_q_incorrect": 8.724713094672746,
  "q_difference": 3.7351334821757742,
  "hellinger_distance": 0.22395412351393723
}