{
  "reference_name": "target_V0-4.3",
  "reference_length": 196,
  "total_reads": 7632,
  "unique_sequences": 3480,
  "singleton_sequences": 3135,
  "singleton_pct": 90.08620689655173,
  "perfect_reads": 0,
  "perfect_pct": 0.0,
  "near_perfect_reads": 0,
  "near_perfect_pct": 0.0,
  "mean_edit_distance": 84.58621593291404,
  "median_edit_distance": 56.0,
  "min_edit_distance": 47,
  "mean_length": 172.72458071278825,
  "mean_error_rate": 0.6671663466929538,
  "total_bases": 1318234,
  "correct_basecalls": 968329,
  "incorrect_basecalls": 349905,
  "accuracy_pct": 73.45653351377676,
  "mean_predicted_q": 17.909579451263184,
  "mean_empirical_q": 1.7576586856659924,
  "mean_q_correct": 18.868377099078508,
  "mean_q_incorrect": 16.01124456477946,
  "q_difference": 2.8571325342990477,
  "hellinger_distance": 0.0965761974379044
}