{
  "reference_name": "target_V0-39",
  "reference_length": 118,
  "total_reads": 2096,
  "unique_sequences": 1829,
  "singleton_sequences": 1739,
  "singleton_pct": 95.0792782941498,
  "perfect_reads": 0,
  "perfect_pct": 0.0,
  "near_perfect_reads": 0,
  "near_perfect_pct": 0.0,
  "mean_edit_distance": 49.663167938931295,
  "median_edit_distance": 34.0,
  "min_edit_distance": 11,
  "mean_length": 120.15076335877863,
  "mean_error_rate": 0.41675822784701544,
  "total_bases": 251836,
  "correct_basecalls": 190344,
  "incorrect_basecalls": 61492,
  "accuracy_pct": 75.58252195873504,
  "mean_predicted_q": 13.136220796923785,
  "mean_empirical_q": 3.801158173589049,
  "mean_q_correct": 13.406918175876172,
  "mean_q_incorrect": 12.391533775219559,
  "q_difference": 1.0153844006566128,
  "hellinger_distance": 0.11647646881294223
}