{
  "reference_name": "backbone",
  "reference_length": 2299,
  "total_reads": 10581,
  "unique_sequences": 10563,
  "singleton_sequences": 10558,
  "singleton_pct": 99.95266496260533,
  "perfect_reads": 0,
  "perfect_pct": 0.0,
  "near_perfect_reads": 0,
  "near_perfect_pct": 0.0,
  "mean_edit_distance": 1289.9577544655515,
  "median_edit_distance": 1269.0,
  "min_edit_distance": 574,
  "mean_length": 2524.928456667612,
  "mean_error_rate": 0.5106766405590312,
  "total_bases": 26716268,
  "correct_basecalls": 15198157,
  "incorrect_basecalls": 11518111,
  "accuracy_pct": 56.88727557307031,
  "mean_predicted_q": 19.472524753961938,
  "mean_empirical_q": 2.918540072479135,
  "mean_q_correct": 19.493152121867634,
  "mean_q_incorrect": 19.445455992780563,
  "q_difference": 0.04769612908707188,
  "hellinger_distance": 0.00995736389862988
}