{
  "V0-15": {
    "reference_name": "V0-15",
    "reference_length": 99,
    "total_reads": 11111,
    "unique_sequences": 11111,
    "singleton_sequences": 11111,
    "singleton_pct": 100.0,
    "perfect_reads": 0,
    "perfect_pct": 0.0,
    "near_perfect_reads": 0,
    "near_perfect_pct": 0.0,
    "mean_edit_distance": 2731.673296732967,
    "median_edit_distance": 2629.0,
    "min_edit_distance": 106,
    "mean_length": 2830.6135361353613,
    "mean_error_rate": 0.9574089134638468,
    "total_bases": 31450947,
    "correct_basecalls": 1099338,
    "incorrect_basecalls": 30351609,
    "accuracy_pct": 3.4954050827149974,
    "mean_predicted_q": 10.67767030205138,
    "mean_empirical_q": 0.18902533559581558,
    "mean_q_correct": 10.208532042965214,
    "mean_q_incorrect": 10.695651439866324,
    "q_difference": -0.48711939690111095,
    "hellinger_distance": 0.031074324446456636
  },
  "V0-16": {
    "reference_name": "V0-16",
    "reference_length": 112,
    "total_reads": 11111,
    "unique_sequences": 11111,
    "singleton_sequences": 11111,
    "singleton_pct": 100.0,
    "perfect_reads": 0,
    "perfect_pct": 0.0,
    "near_perfect_reads": 0,
    "near_perfect_pct": 0.0,
    "mean_edit_distance": 3306.9054090540903,
    "median_edit_distance": 2626.0,
    "min_edit_distance": 79,
    "mean_length": 3418.6679866798668,
    "mean_error_rate": 0.9488376277392618,
    "total_bases": 37984820,
    "correct_basecalls": 1241943,
    "incorrect_basecalls": 36742877,
    "accuracy_pct": 3.26957716266656,
    "mean_predicted_q": 10.1436614674759,
    "mean_empirical_q": 0.22808100966007266,
    "mean_q_correct": 10.15158325922171,
    "mean_q_incorrect": 10.143393955936128,
    "q_difference": 0.008189303285581317,
    "hellinger_distance": 0.019326984113677857
  },
  "V0-17": {
    "reference_name": "V0-17",
    "reference_length": 90,
    "total_reads": 11111,
    "unique_sequences": 11111,
    "singleton_sequences": 11111,
    "singleton_pct": 100.0,
    "perfect_reads": 0,
    "perfect_pct": 0.0,
    "near_perfect_reads": 0,
    "near_perfect_pct": 0.0,
    "mean_edit_distance": 3155.8976689766896,
    "median_edit_distance": 2599.0,
    "min_edit_distance": 78,
    "mean_length": 3245.5441454414545,
    "mean_error_rate": 0.9305877361385435,
    "total_bases": 36061241,
    "correct_basecalls": 996146,
    "incorrect_basecalls": 35065095,
    "accuracy_pct": 2.7623730420148327,
    "mean_predicted_q": 10.286514098727391,
    "mean_empirical_q": 0.3124267516665936,
    "mean_q_correct": 10.013024178752893,
    "mean_q_incorrect": 10.294540794951466,
    "q_difference": -0.28151661619857293,
    "hellinger_distance": 0.028172881492787856
  },
  "V0-18": {
    "reference_name": "V0-18",
    "reference_length": 115,
    "total_reads": 11111,
    "unique_sequences": 11111,
    "singleton_sequences": 11111,
    "singleton_pct": 100.0,
    "perfect_reads": 0,
    "perfect_pct": 0.0,
    "near_perfect_reads": 0,
    "near_perfect_pct": 0.0,
    "mean_edit_distance": 2684.29799297993,
    "median_edit_distance": 2599.0,
    "min_edit_distance": 86,
    "mean_length": 2799.0940509405095,
    "mean_error_rate": 0.9495133366412902,
    "total_bases": 31100734,
    "correct_basecalls": 1275564,
    "incorrect_basecalls": 29825170,
    "accuracy_pct": 4.101395163213833,
    "mean_predicted_q": 10.691686235691806,
    "mean_empirical_q": 0.2249893088584461,
    "mean_q_correct": 9.947004336695793,
    "mean_q_incorrect": 10.726568049022225,
    "q_difference": -0.7795637123264321,
    "hellinger_distance": 0.04456746808462331
  },
  "V0-19": {
    "reference_name": "V0-19",
    "reference_length": 115,
    "total_reads": 11111,
    "unique_sequences": 11111,
    "singleton_sequences": 11111,
    "singleton_pct": 100.0,
    "perfect_reads": 0,
    "perfect_pct": 0.0,
    "near_perfect_reads": 0,
    "near_perfect_pct": 0.0,
    "mean_edit_distance": 2719.6853568535685,
    "median_edit_distance": 2603.0,
    "min_edit_distance": 87,
    "mean_length": 2834.0650706507067,
    "mean_error_rate": 0.937135297672997,
    "total_bases": 31489297,
    "correct_basecalls": 1271258,
    "incorrect_basecalls": 30218039,
    "accuracy_pct": 4.037111403280931,
    "mean_predicted_q": 10.654972078064237,
    "mean_empirical_q": 0.2819770389240973,
    "mean_q_correct": 10.02012642555548,
    "mean_q_incorrect": 10.68382610001075,
    "q_difference": -0.6636996744552697,
    "hellinger_distance": 0.03632933121626974
  },
  "V0-20": {
    "reference_name": "V0-20",
    "reference_length": 88,
    "total_reads": 11111,
    "unique_sequences": 11111,
    "singleton_sequences": 11111,
    "singleton_pct": 100.0,
    "perfect_reads": 0,
    "perfect_pct": 0.0,
    "near_perfect_reads": 0,
    "near_perfect_pct": 0.0,
    "mean_edit_distance": 2754.5238052380523,
    "median_edit_distance": 2632.0,
    "min_edit_distance": 108,
    "mean_length": 2842.50130501305,
    "mean_error_rate": 0.9642549370426595,
    "total_bases": 31583032,
    "correct_basecalls": 977521,
    "incorrect_basecalls": 30605511,
    "accuracy_pct": 3.0950828280198053,
    "mean_predicted_q": 10.95291589320141,
    "mean_empirical_q": 0.15808128842636193,
    "mean_q_correct": 9.96270279110133,
    "mean_q_incorrect": 10.988584678451382,
    "q_difference": -1.0258818873500513,
    "hellinger_distance": 0.05590315788903279
  },
  "V0-21": {
    "reference_name": "V0-21",
    "reference_length": 106,
    "total_reads": 11111,
    "unique_sequences": 11111,
    "singleton_sequences": 11111,
    "singleton_pct": 100.0,
    "perfect_reads": 0,
    "perfect_pct": 0.0,
    "near_perfect_reads": 0,
    "near_perfect_pct": 0.0,
    "mean_edit_distance": 2744.140311403114,
    "median_edit_distance": 2619.0,
    "min_edit_distance": 121,
    "mean_length": 2850.0284402844027,
    "mean_error_rate": 0.9553429821337814,
    "total_bases": 31666666,
    "correct_basecalls": 1176547,
    "incorrect_basecalls": 30490119,
    "accuracy_pct": 3.715411657166561,
    "mean_predicted_q": 10.780326903283079,
    "mean_empirical_q": 0.19840682336323234,
    "mean_q_correct": 10.003731747847375,
    "mean_q_incorrect": 10.813265032437569,
    "q_difference": -0.8095332845901932,
    "hellinger_distance": 0.047014738578129024
  },
  "V0-22": {
    "reference_name": "V0-22",
    "reference_length": 100,
    "total_reads": 11111,
    "unique_sequences": 11111,
    "singleton_sequences": 11111,
    "singleton_pct": 100.0,
    "perfect_reads": 0,
    "perfect_pct": 0.0,
    "near_perfect_reads": 0,
    "near_perfect_pct": 0.0,
    "mean_edit_distance": 2557.3842138421383,
    "median_edit_distance": 2595.0,
    "min_edit_distance": 83,
    "mean_length": 2657.1239312393122,
    "mean_error_rate": 0.9477332732398074,
    "total_bases": 29523304,
    "correct_basecalls": 1108429,
    "incorrect_basecalls": 28414875,
    "accuracy_pct": 3.7544205756916638,
    "mean_predicted_q": 10.915730672994616,
    "mean_empirical_q": 0.2331387179602147,
    "mean_q_correct": 10.178322678584117,
    "mean_q_incorrect": 10.947196146302145,
    "q_difference": -0.7688734677180289,
    "hellinger_distance": 0.04299764978032894
  },
  "V0-23": {
    "reference_name": "V0-23",
    "reference_length": 101,
    "total_reads": 11111,
    "unique_sequences": 11111,
    "singleton_sequences": 11111,
    "singleton_pct": 100.0,
    "perfect_reads": 0,
    "perfect_pct": 0.0,
    "near_perfect_reads": 0,
    "near_perfect_pct": 0.0,
    "mean_edit_distance": 2710.449104491045,
    "median_edit_distance": 2620.0,
    "min_edit_distance": 80,
    "mean_length": 2811.2577625776257,
    "mean_error_rate": 0.9493012692525474,
    "total_bases": 31235885,
    "correct_basecalls": 1120203,
    "incorrect_basecalls": 30115682,
    "accuracy_pct": 3.586269446183452,
    "mean_predicted_q": 10.686331516908217,
    "mean_empirical_q": 0.22595938457641968,
    "mean_q_correct": 10.061276395033662,
    "mean_q_incorrect": 10.711410111827387,